" MFG. COMPANY INC."                                 , "INCORPORATED"       , " MANUFACTURING COMPANY"
" MFG. COMPANY, INC."                                , "INCORPORATED"       , " MANUFACTURING COMPANY"
" MFG. CO. INC."                                     , "INCORPORATED"       , " MANUFACTURING COMPANY"
" MFG. CO., INC."                                    , "INCORPORATED"       , " MANUFACTURING COMPANY"
" MFG CO., INC."                                     , "INCORPORATED"       , " MANUFACTURING COMPANY"
" MFG CO, INC"                                       , "INCORPORATED"       , " MANUFACTURING COMPANY"
" MFG. CO. INC"                                      , "INCORPORATED"       , " MANUFACTURING COMPANY"
" MFG CO. INC."                                      , "INCORPORATED"       , " MANUFACTURING COMPANY"
" MFG., CO., INC."                                   , "INCORPORATED"       , " MANUFACTURING COMPANY"
" MFG. CO., INC"                                     , "INCORPORATED"       , " MANUFACTURING COMPANY"
" MFG. CO, INC."                                     , "INCORPORATED"       , " MANUFACTURING COMPANY"
" MFG. CO, INC"                                      , "INCORPORATED"       , " MANUFACTURING COMPANY"
", CO., INC."                                        , "INCORPORATED"       , " COMPANY"
", CO. INC."                                         , "INCORPORATED"       , " COMPANY"
", CO., INC"                                         , "INCORPORATED"       , " COMPANY"
" CO., INC."                                         , "INCORPORATED"       , " COMPANY"
" CO. INC."                                          , "INCORPORATED"       , " COMPANY"
" CO., INC"                                          , "INCORPORATED"       , " COMPANY"
" CO, INC."                                          , "INCORPORATED"       , " COMPANY"
" CO. INC"                                           , "INCORPORATED"       , " COMPANY"
" CO, INC"                                           , "INCORPORATED"       , " COMPANY"
" CO.. INC."                                         , "INCORPORATED"       , " COMPANY"
" CO INC"                                            , "INCORPORATED"       , " COMPANY"
" CO. (INC.)"                                        , "INCORPORATED"       , " COMPANY"
" CO INC."                                           , "INCORPORATED"       , " COMPANY"
", MFG., INC."                                       , "INCORPORATED"       , " MANUFACTURING"
", MFG. INC."                                        , "INCORPORATED"       , " MANUFACTURING"
" MFG., INC."                                        , "INCORPORATED"       , " MANUFACTURING"
" MFG. INC."                                         , "INCORPORATED"       , " MANUFACTURING"
" MFG, INC."                                         , "INCORPORATED"       , " MANUFACTURING"
" MFG., INC"                                         , "INCORPORATED"       , " MANUFACTURING"
" MFG INC."                                          , "INCORPORATED"       , " MANUFACTURING"
", LTD., INC."                                       , "INCORPORATED"       , " "
", LTD. INC."                                        , "INCORPORATED"       , " "
" LTD., INC."                                        , "INCORPORATED"       , " "
" LTD. INC."                                         , "INCORPORATED"       , " "
" LTD, INC."                                         , "INCORPORATED"       , " "
" LTD INC."                                          , "INCORPORATED"       , " "
", INTL., INC."                                      , "INCORPORATED"       , " INTERNATIONAL"
", INT’L., INC."                                     , "INCORPORATED"       , " INTERNATIONAL"
", INT’L. INC."                                      , "INCORPORATED"       , " INTERNATIONAL"
" INTL., INC."                                       , "INCORPORATED"       , " INTERNATIONAL"
" INT’L., INC."                                      , "INCORPORATED"       , " INTERNATIONAL"
" INT’L. INC."                                       , "INCORPORATED"       , " INTERNATIONAL"
" INT’L, INC."                                       , "INCORPORATED"       , " INTERNATIONAL"
" INT’L INC."                                        , "INCORPORATED"       , " INTERNATIONAL"
" INTL, INC."                                        , "INCORPORATED"       , " INTERNATIONAL"
" INTL. INC."                                        , "INCORPORATED"       , " INTERNATIONAL"
" CORP. INC."                                        , "INCORPORATED"       , " CORPORATION"
" CORP., INC."                                       , "INCORPORATED"       , " CORPORATION"
" CORP., INC"                                        , "INCORPORATED"       , " CORPORATION"
", INC."                                             , "INCORPORATED"       , " "
", INC"                                              , "INCORPORATED"       , " "
", INC.."                                            , "INCORPORATED"       , " "
"; INC."                                             , "INCORPORATED"       , " "
", INC/"                                             , "INCORPORATED"       , " "
", IN.C"                                             , "INCORPORATED"       , " "
" INC."                                              , "INCORPORATED"       , " "
" INC"                                               , "INCORPORATED"       , " "
", MFG. CO., LTD."                                   , "LIMITED"            , " MANUFACTURING COMPANY"
", MFG., CO., LTD."                                  , "LIMITED"            , " MANUFACTURING COMPANY"
" (MFG) CO., LTD."                                   , "LIMITED"            , " MANUFACTURING COMPANY"
" (MFG.) CO., LTD."                                  , "LIMITED"            , " MANUFACTURING COMPANY"
" MFG. CO., LTD."                                    , "LIMITED"            , " MANUFACTURING COMPANY"
" MFG. CO., LTD"                                     , "LIMITED"            , " MANUFACTURING COMPANY"
" MFG CO., LTD."                                     , "LIMITED"            , " MANUFACTURING COMPANY"
" MFG CO., LTD"                                      , "LIMITED"            , " MANUFACTURING COMPANY"
" MFG. CO. LTD."                                     , "LIMITED"            , " MANUFACTURING COMPANY"
" MFG., CO., LTD."                                   , "LIMITED"            , " MANUFACTURING COMPANY"
" MFG., CO. LTD."                                    , "LIMITED"            , " MANUFACTURING COMPANY"
" MFG, CO., LTD."                                    , "LIMITED"            , " MANUFACTURING COMPANY"
" MFG CO. LTD."                                      , "LIMITED"            , " MANUFACTURING COMPANY"
" MFG. CO. LTD"                                      , "LIMITED"            , " MANUFACTURING COMPANY"
" MFG CO. LTD"                                       , "LIMITED"            , " MANUFACTURING COMPANY"
" MFG., CO., LTD"                                    , "LIMITED"            , " MANUFACTURING COMPANY"
" MFG. CO, LTD."                                     , "LIMITED"            , " MANUFACTURING COMPANY"
" MFG CO LTD"                                        , "LIMITED"            , " MANUFACTURING COMPANY"
" MFG CO LTD."                                       , "LIMITED"            , " MANUFACTURING COMPANY"
" MFG. CO. LTD.."                                    , "LIMITED"            , " MANUFACTURING COMPANY"
" M.F.G. CO., LTD."                                  , "LIMITED"            , " MANUFACTURING COMPANY"
" INT. CO., LTD."                                    , "LIMITED"            , " INTERNATIONAL COMPANY"
" INT. CO. LTD."                                     , "LIMITED"            , " INTERNATIONAL COMPANY"
" INT., CO., LTD."                                   , "LIMITED"            , " INTERNATIONAL COMPANY"
" INT’L CO., LTD."                                   , "LIMITED"            , " INTERNATIONAL COMPANY"
" CO. CO., LTD."                                     , "LIMITED"            , " COMPANY"
" CO CO., LTD."                                      , "LIMITED"            , " COMPANY"
" CO., CO. LTD."                                     , "LIMITED"            , " COMPANY"
" CO., CO., LTD."                                    , "LIMITED"            , " COMPANY"
", CO., LTD."                                        , "LIMITED"            , " COMPANY"
", CO. LTD."                                         , "LIMITED"            , " COMPANY"
", CO., LTD"                                         , "LIMITED"            , " COMPANY"
", CO, LTD."                                         , "LIMITED"            , " COMPANY"
", CO. LTD"                                          , "LIMITED"            , " COMPANY"
", CO LTD."                                          , "LIMITED"            , " COMPANY"
", CO, LTD"                                          , "LIMITED"            , " COMPANY"
", CO.. LTD."                                        , "LIMITED"            , " COMPANY"
" CO., LTD."                                         , "LIMITED"            , " COMPANY"
" CO. LTD."                                          , "LIMITED"            , " COMPANY"
" CO., LTD"                                          , "LIMITED"            , " COMPANY"
" CO, LTD."                                          , "LIMITED"            , " COMPANY"
" CO. LTD"                                           , "LIMITED"            , " COMPANY"
" CO LTD."                                           , "LIMITED"            , " COMPANY"
" CO, LTD"                                           , "LIMITED"            , " COMPANY"
" CO LTD"                                            , "LIMITED"            , " COMPANY"
" CO., LT.D."                                        , "LIMITED"            , " COMPANY"
" CO.. LTD."                                         , "LIMITED"            , " COMPANY"
" CO. L.T.D."                                        , "LIMITED"            , " COMPANY"
" CO; LTD."                                          , "LIMITED"            , " COMPANY"
" CO., L.T.D."                                       , "LIMITED"            , " COMPANY"
" CO,, LTD."                                         , "LIMITED"            , " COMPANY"
" CO.., LTD."                                        , "LIMITED"            , " COMPANY"
" CO.?, LTD."                                        , "LIMITED"            , " COMPANY"
" CO; LTD"                                           , "LIMITED"            , " COMPANY"
" CO:, LTD."                                         , "LIMITED"            , " COMPANY"
" CO., LTD.."                                        , "LIMITED"            , " COMPANY"
" CO.; LTD."                                         , "LIMITED"            , " COMPANY"
" CO,, LTD"                                          , "LIMITED"            , " COMPANY"
" CO.; LTD"                                          , "LIMITED"            , " COMPANY"
" CO., LTD,."                                        , "LIMITED"            , " COMPANY"
" CO., LT.D"                                         , "LIMITED"            , " COMPANY"
" CO.., LTD"                                         , "LIMITED"            , " COMPANY"
" CO,., LTD."                                        , "LIMITED"            , " COMPANY"
" CO: LTD"                                           , "LIMITED"            , " COMPANY"
" CO. PTY. LTD."                                     , "LIMITED"            , " COMPANY"
" CO. PTY LTD"                                       , "LIMITED"            , " COMPANY"
" CO. PTY LTD."                                      , "LIMITED"            , " COMPANY"
" CO PTY LTD"                                        , "LIMITED"            , " COMPANY"
" CO PTY LTD."                                       , "LIMITED"            , " COMPANY"
" CO., PTY. LTD."                                    , "LIMITED"            , " COMPANY"
" CO., PTY., LTD."                                   , "LIMITED"            , " COMPANY"
" CO., PTY LTD."                                     , "LIMITED"            , " COMPANY"
" (INT’L) PTY. LTD."                                 , "LIMITED"            , " (INTERNATIONAL)"
" (INTL.) PTY. LTD."                                 , "LIMITED"            , " (INTERNATIONAL)"
" MFG. PTY. LTD."                                    , "LIMITED"            , " MANUFACTURING"
" MFG. PTY. LTD"                                     , "LIMITED"            , " MANUFACTURING"
" (QLD) PTY. LTD"                                    , "LIMITED"            , " "
" (QLD.) PTY. LTD."                                  , "LIMITED"            , " "
" QLD PTY LTD."                                      , "LIMITED"            , " "
" (QLD) PTY LTD"                                     , "LIMITED"            , " "
" (QLD) PTY. LTD."                                   , "LIMITED"            , " "
" (QLD) PTY LTD."                                    , "LIMITED"            , " "
" (VIC) PTY., LTD."                                  , "LIMITED"            , " "
" (VIC) PTY LTD."                                    , "LIMITED"            , " "
" (VIC) PTY. LTD."                                   , "LIMITED"            , " "
" (VIC) PTY LTD"                                     , "LIMITED"            , " "
" (VIC.) PTY. LTD."                                  , "LIMITED"            , " "
" (S.A.) PTY LTD"                                    , "LIMITED"            , " "
" (SA) PTY LTD"                                      , "LIMITED"            , " "
" S.A. (PTY) LTD."                                   , "LIMITED"            , " "
", PTY. LTD."                                        , "LIMITED"            , " "
", PTY LTD"                                          , "LIMITED"            , " "
", PTY., LTD."                                       , "LIMITED"            , " "
", PTY LTD."                                         , "LIMITED"            , " "
", PTY, LTD."                                        , "LIMITED"            , " "
", PTY, LTD"                                         , "LIMITED"            , " "
" PTY. LTD."                                         , "LIMITED"            , " "
" PTY LTD"                                           , "LIMITED"            , " "
" PTY., LTD."                                        , "LIMITED"            , " "
" PTY LTD."                                          , "LIMITED"            , " "
" PTY, LTD."                                         , "LIMITED"            , " "
" PTY, LTD"                                          , "LIMITED"            , " "
" PTY. LTD"                                          , "LIMITED"            , " "
" (PTY) LTD"                                         , "LIMITED"            , " "
" (PTY) LTD."                                        , "LIMITED"            , " "
" PTY., LTD"                                         , "LIMITED"            , " "
" (PTY.) LTD."                                       , "LIMITED"            , " "
" PTY: LTD."                                         , "LIMITED"            , " "
" (PTY.) LTD"                                        , "LIMITED"            , " "
" (PTY), LTD."                                       , "LIMITED"            , " "
" CO. PTE. LTD."                                     , "LIMITED"            , " COMPANY"
" CO. (PTE) LTD."                                    , "LIMITED"            , " COMPANY"
" CO. PTE LTD"                                       , "LIMITED"            , " COMPANY"
" CO., PTE. LTD."                                    , "LIMITED"            , " COMPANY"
" (S) PTE LTD."                                      , "LIMITED"            , " "
" (S) PTE LTD"                                       , "LIMITED"            , " "
" (S) PTE. LTD."                                     , "LIMITED"            , " "
" (S), PTE., LTD."                                   , "LIMITED"            , " "
", PTE., LTD."                                       , "LIMITED"            , " "
", PTE. LTD."                                        , "LIMITED"            , " "
", PTE LTD"                                          , "LIMITED"            , " "
", PTE LTD."                                         , "LIMITED"            , " "
", PTE, LTD."                                        , "LIMITED"            , " "
" PTE., LTD."                                        , "LIMITED"            , " "
" PTE. LTD."                                         , "LIMITED"            , " "
" PTE LTD"                                           , "LIMITED"            , " "
" PTE LTD."                                          , "LIMITED"            , " "
" PTE, LTD."                                         , "LIMITED"            , " "
" PTE. LTD"                                          , "LIMITED"            , " "
" (PTE) LTD."                                        , "LIMITED"            , " "
" (PTE) LTD"                                         , "LIMITED"            , " "
" PTE, LTD"                                          , "LIMITED"            , " "
", CORP. LTD."                                       , "LIMITED"            , " CORPORATION"
" CORP. LTD."                                        , "LIMITED"            , " CORPORATION"
" CORP., LTD."                                       , "LIMITED"            , " CORPORATION"
" CORP, LTD."                                        , "LIMITED"            , " CORPORATION"
" CORP., LTD"                                        , "LIMITED"            , " CORPORATION"
" CORP. LTD"                                         , "LIMITED"            , " CORPORATION"
" MFG LTD."                                          , "LIMITED"            , " MANUFACTURING"
" MFG., LTD."                                        , "LIMITED"            , " MANUFACTURING"
" MFG. LTD."                                         , "LIMITED"            , " MANUFACTURING"
" MFG., LTD"                                         , "LIMITED"            , " MANUFACTURING"
" CO., INC. LTD."                                    , "LIMITED"            , " COMPANY"
" CO., INC., LTD."                                   , "LIMITED"            , " COMPANY"
", INC., LTD"                                        , "LIMITED"            , " "
", INC., LTD."                                       , "LIMITED"            , " "
", INC. LTD."                                        , "LIMITED"            , " "
" INC., LTD"                                         , "LIMITED"            , " "
" INC., LTD."                                        , "LIMITED"            , " "
" INC. LTD."                                         , "LIMITED"            , " "
" INC. LTD"                                          , "LIMITED"            , " "
" INC, LTD."                                         , "LIMITED"            , " "
" INT’L LTD."                                        , "LIMITED"            , " INTERNATIONAL"
" INT’L. LTD."                                       , "LIMITED"            , " INTERNATIONAL"
" INT’L., LTD."                                      , "LIMITED"            , " INTERNATIONAL"
" INT""L LTD."                                       , "LIMITED"            , " INTERNATIONAL"
" INTL. LTD."                                        , "LIMITED"            , " INTERNATIONAL"
" INT., LTD."                                        , "LIMITED"            , " INTERNATIONAL"
" INT. LTD."                                         , "LIMITED"            , " INTERNATIONAL"
" KABUSHIKI KAISHA, LTD."                            , "LIMITED"            , " "
", LTD."                                             , "LIMITED"            , " "
", LTD"                                              , "LIMITED"            , " "
", LTD.."                                            , "LIMITED"            , " "
", L.T.D."                                           , "LIMITED"            , " "
" (LTD.)"                                            , "LIMITED"            , " "
" LTD."                                              , "LIMITED"            , " "
" LTD"                                               , "LIMITED"            , " "
" LTD.."                                             , "LIMITED"            , " "
" L.T.D."                                            , "LIMITED"            , " "
" (LTD)"                                             , "LIMITED"            , " "
", LTD/"                                             , "LIMITED"            , " "
" & C. S.P.A."                                       , "SPA"                , " & COMPANY"
" & C. SPA"                                          , "SPA"                , " & COMPANY"
" & C SPA"                                           , "SPA"                , " & COMPANY"
" & C., S.P.A."                                      , "SPA"                , " & COMPANY"
" & C. S.P.A"                                        , "SPA"                , " & COMPANY"
" & C. -S.P.A."                                      , "SPA"                , " & COMPANY"
" CO. S.P.A."                                        , "SPA"                , " COMPANY"
" CO. SPA"                                           , "SPA"                , " COMPANY"
" CO., S.P.A."                                       , "SPA"                , " COMPANY"
", S.P.A."                                           , "SPA"                , " "
", SPA"                                              , "SPA"                , " "
", S.P.A"                                            , "SPA"                , " "
" - S.P.A"                                           , "SPA"                , " "
" -S.P.A."                                           , "SPA"                , " "
", SPA."                                             , "SPA"                , " "
" S.P.A."                                            , "SPA"                , " "
" SPA"                                               , "SPA"                , " "
" S.P.A"                                             , "SPA"                , " "
" SPA."                                              , "SPA"                , " "
" S.P.A.."                                           , "SPA"                , " "
" S.PA."                                             , "SPA"                , " "
" S-P.A."                                            , "SPA"                , " "
" (S.P.A.)"                                          , "SPA"                , " "
" SP.A."                                             , "SPA"                , " "
" SPA’"                                              , "SPA"                , " "
" & C. S.R.L."                                       , "SRL"                , " & COMPANY"
" & C. SRL"                                          , "SRL"                , " & COMPANY"
" & C. S.R.L"                                        , "SRL"                , " & COMPANY"
" E C. S.R.L."                                       , "SRL"                , " & COMPANY"
" & C S.R.L."                                        , "SRL"                , " & COMPANY"
" CO. S.R.L."                                        , "SRL"                , " COMPANY"
" LTD. SRL"                                          , "SRL"                , " "
" L.T.D. S.R.L."                                     , "SRL"                , " "
", S.R.L."                                           , "SRL"                , " "
" - S.R.L."                                          , "SRL"                , " "
", S.R.L"                                            , "SRL"                , " "
", SRL"                                              , "SRL"                , " "
", SRL."                                             , "SRL"                , " "
", S.RL"                                             , "SRL"                , " "
" S.R.L."                                            , "SRL"                , " "
" S.R.L"                                             , "SRL"                , " "
" SRL"                                               , "SRL"                , " "
" SRL."                                              , "SRL"                , " "
" S.RL"                                              , "SRL"                , " "
" -S.R.L."                                           , "SRL"                , " "
" .S.R.L."                                           , "SRL"                , " "
" SR.L."                                             , "SRL"                , " "
" S.RL."                                             , "SRL"                , " "
" S.ß.R.L."                                          , "S.ß.R.L."           , " "
" S.ß.R.L"                                           , "S.ß.R.L."           , " "
" CO. PTY. LIMITED"                                  , "LIMITED"            , " COMPANY"
" CO. PTY LIMITED"                                   , "LIMITED"            , " COMPANY"
" CO PTY LIMITED"                                    , "LIMITED"            , " COMPANY"
" CO. (PTY) LIMITED"                                 , "LIMITED"            , " COMPANY"
", PTY. LIMITED"                                     , "LIMITED"            , " "
", PTY, LIMITED"                                     , "LIMITED"            , " "
" PTY. LIMITED"                                      , "LIMITED"            , " "
" PTY, LIMITED"                                      , "LIMITED"            , " "
" PTY LIMITED"                                       , "LIMITED"            , " "
" (PTY) LIMITED"                                     , "LIMITED"            , " "
" PTY., LIMITED"                                     , "LIMITED"            , " "
" PTY. LIMITED."                                     , "LIMITED"            , " "
" PTY. .LIMITED"                                     , "LIMITED"            , " "
" (PTY.) LIMITED"                                    , "LIMITED"            , " "
" CO., LIMITED"                                      , "LIMITED"            , " COMPANY"
" CO. LIMITED"                                       , "LIMITED"            , " COMPANY"
" CO. LIMITED."                                      , "LIMITED"            , " COMPANY"
" CO LIMITED"                                        , "LIMITED"            , " COMPANY"
" CO, LIMITED"                                       , "LIMITED"            , " COMPANY"
" CO., LIMITED."                                     , "LIMITED"            , " COMPANY"
" CO. (NZ) LIMITED"                                  , "LIMITED"            , " COMPANY"
" (NZ) LIMITED"                                      , "LIMITED"            , " "
" (N.Z.) LIMITED"                                    , "LIMITED"            , " "
" NZ LIMITED"                                        , "LIMITED"            , " "
" (H.K.) LIMITED"                                    , "LIMITED"            , " "
" (H.K) LIMITED"                                     , "LIMITED"            , " "
" (HK) LIMITED"                                      , "LIMITED"            , " "
" HK LIMITED"                                        , "LIMITED"            , " "
" (IP) LIMITED"                                      , "LIMITED"            , " "
" (I.P.) LIMITED"                                    , "LIMITED"            , " "
" I.P. LIMITED"                                      , "LIMITED"            , " "
" IP LIMITED"                                        , "LIMITED"            , " "
" ( IP) LIMITED"                                     , "LIMITED"            , " "
" (I.P) LIMITED"                                     , "LIMITED"            , " "
" (PTE) LIMITED"                                     , "LIMITED"            , " "
" PTE LIMITED"                                       , "LIMITED"            , " "
" PTE. LIMITED"                                      , "LIMITED"            , " "
" PTE, LIMITED"                                      , "LIMITED"            , " "
" (BVI) LIMITED"                                     , "LIMITED"            , " "
" (B.V.I.) LIMITED"                                  , "LIMITED"            , " "
" (BVIØ) LIMITED"                                    , "LIMITED"            , " "
" (N.I.) LIMITED"                                    , "LIMITED"            , " "
" (NI) LIMITED"                                      , "LIMITED"            , " "
" NI LIMITED"                                        , "LIMITED"            , " "
", LIMITED."                                         , "LIMITED"            , " "
", LIMITED"                                          , "LIMITED"            , " "
" LIMITED."                                          , "LIMITED"            , " "
" LIMITED"                                           , "LIMITED"            , " "
" (PROPRIETARY LIMITED)"                             , "LIMITED"            , " "
"(PROPRIETARY LIMITED)"                              , "LIMITED"            , " "
" CIE, S. A."                                        , "SA"                 , " COMPAGNIE"
" CIE S. A."                                         , "SA"                 , " COMPAGNIE"
" FRANCE S. A."                                      , "SA"                 , " FRANCE"
" (FRANCE) S. A."                                    , "SA"                 , " (FRANCE)"
" S. P. A."                                          , "SPA"                , " "
" S P A"                                             , "SPA"                , " "
" U. CO. GMBH"                                       , "GMBH"               , " & COMPANY"
" UND CO. GMBH"                                      , "GMBH"               , " & COMPANY"
" CO. GMBH"                                          , "GMBH"               , " COMPANY"
" + CO., GMBH"                                       , "GMBH"               , " & COMPANY"
" + CO GMBH"                                         , "GMBH"               , " & COMPANY"
" CO., GMBH"                                         , "GMBH"               , " COMPANY"
" CO. (GMBH)"                                        , "GMBH"               , " COMPANY"
" CO., (GMBH)"                                       , "GMBH"               , " COMPANY"
" CO GMBH"                                           , "GMBH"               , " COMPANY"
" &CO. GMBH"                                         , "GMBH"               , " & COMPANY"
" CO, GMBH"                                          , "GMBH"               , " COMPANY"
" CIE. GMBH"                                         , "GMBH"               , " COMPANY"
" CIE, GMBH"                                         , "GMBH"               , " COMPANY"
" CIE GMBH"                                          , "GMBH"               , " COMPANY"
", GMBH"                                             , "GMBH"               , " "
", GMBH."                                            , "GMBH"               , " "
" GMBH"                                              , "GMBH"               , " "
" G.M.B.H."                                          , "GMBH"               , " "
" GMBH."                                             , "GMBH"               , " "
" -GMBH"                                             , "GMBH"               , " "
" GESELLSCHAFT MIT BE- SCHRAENKTER HAFTUNG (GMBH)"   , "GMBH"               , " "
" (GMBH)"                                            , "GMBH"               , " "
" G.M.B.H"                                           , "GMBH"               , " "
" G.MBH"                                             , "GMBH"               , " "
" G.M.BH"                                            , "GMBH"               , " "
" MFG. CORPORATION"                                  , "GMBH"               , " MANUFACTURING CORPORATION"
" ET CIE. S.A."                                      , "SA"                 , " & COMPAGNIE"
" ET CIE, S.A."                                      , "SA"                 , " & COMPAGNIE"
" ET CIE (SA)"                                       , "SA"                 , " & COMPAGNIE"
" ET CIE S.A."                                       , "SA"                 , " & COMPAGNIE"
" ET. CIE S.A."                                      , "SA"                 , " & COMPAGNIE"
" ET CIE., S.A."                                     , "SA"                 , " & COMPAGNIE"
" CIE. S.A."                                         , "SA"                 , " COMPAGNIE"
" CIE (S.A.)"                                        , "SA"                 , " COMPAGNIE"
" CIE S.A."                                          , "SA"                 , " COMPAGNIE"
" CIE, S.A."                                         , "SA"                 , " COMPAGNIE"
" CIE, SA"                                           , "SA"                 , " COMPAGNIE"
" CI.E. SA"                                          , "SA"                 , " COMPAGNIE"
" CIE SA"                                            , "SA"                 , " COMPAGNIE"
" ET CO. S.A."                                       , "SA"                 , " & COMPANY"
" ET CO S.A."                                        , "SA"                 , " & COMPANY"
" ET CO. SA"                                         , "SA"                 , " & COMPANY"
" CO., S.A."                                         , "SA"                 , " COMPANY"
" CO. S.A."                                          , "SA"                 , " COMPANY"
" CO SA"                                             , "SA"                 , " COMPANY"
" CO. SA"                                            , "SA"                 , " COMPANY"
" Y CIA., S.A."                                      , "SA"                 , " & COMPANIA"
" Y CIA. S.A."                                       , "SA"                 , " & COMPANIA"
" Y CIA S.A."                                        , "SA"                 , " & COMPANIA"
" Y CIA, S.A."                                       , "SA"                 , " & COMPANIA"
" CIA, S.A."                                         , "SA"                 , " COMPANIA"
" CIA. S.A."                                         , "SA"                 , " COMPANIA"
" CIA., S.A."                                        , "SA"                 , " COMPANIA"
" CIA S.A."                                          , "SA"                 , " COMPANIA"
", INC. S.A."                                        , "SA"                 , " "
", INC., SA."                                        , "SA"                 , " "
" INC. S.A."                                         , "SA"                 , " "
" INC., SA."                                         , "SA"                 , " "
" INC., S.A."                                        , "SA"                 , " "
" MFG. CY, S.A."                                     , "SA"                 , " MANUFACTURING COMPANY"
" CY, S.A."                                          , "SA"                 , " COMPANY"
" MANUFACTURIN CY, S.A."                             , "SA"                 , " MANUFACTURING COMPANY"
" CY S.A."                                           , "SA"                 , " COMPANY"
", S.A."                                             , "SA"                 , " "
", SA"                                               , "SA"                 , " "
", S.A"                                              , "SA"                 , " "
", S,A."                                             , "SA"                 , " "
", SA."                                              , "SA"                 , " "
" S.A."                                              , "SA"                 , " "
" SA"                                                , "SA"                 , " "
" S.A"                                               , "SA"                 , " "
" S,A."                                              , "SA"                 , " "
" SA."                                               , "SA"                 , " "
" (S.A.)"                                            , "SA"                 , " "
" (SA)"                                              , "SA"                 , " "
" (S.A)"                                             , "SA"                 , " "
" S..A."                                             , "SA"                 , " "
" S.A.."                                             , "SA"                 , " "
" -SA"                                               , "SA"                 , " "
" S,A"                                               , "SA"                 , " "
" -S.A."                                             , "SA"                 , " "
" .S.A"                                              , "SA"                 , " "
" S-A."                                              , "SA"                 , " "
" S/A"                                               , "SA"                 , " "
" S/A."                                              , "SA"                 , " "
" E C."                                              , ""                   , " & COMPANY” only if string ends with “ E C."
" P. L. C."                                          , "PLC"                , " "
" P L C"                                             , "PLC"                , " "
" P. L. C"                                           , "PLC"                , " "
", L. L. C."                                         , "LLC"                , " "
", L L C"                                            , "LLC"                , " "
" L L C."                                            , "LLC"                , " "
" L L C"                                             , "LLC"                , " "
" & C."                                              , ""                   , " COMPANY"  , " & C.\\s*$" 
" & C"                                               , ""                   , " COMPANY"  , " & C\\s*$"  
" S. R. L."                                          , "SRL"                , " "
" S.R L."                                            , "SRL"                , " "
" S.R. L."                                           , "SRL"                , " "
" GES. M. B. H."                                     , "GMBH"               , " "
" GESELLSCHAFT M. B. H."                             , "GMBH"               , " "
" CO. PLC"                                           , "PLC"                , " COMPANY"
" CO., PLC"                                          , "PLC"                , " COMPANY"
" CO., P.L.C."                                       , "PLC"                , " COMPANY"
" CO. P.L.C."                                        , "PLC"                , " COMPANY"
", PLC"                                              , "PLC"                , " "
", PLC."                                             , "PLC"                , " "
", P.L.C."                                           , "PLC"                , " "
", P.L.C"                                            , "PLC"                , " "
" PLC"                                               , "PLC"                , " "
" PLC."                                              , "PLC"                , " "
" P.L.C."                                            , "PLC"                , " "
" P.L.C"                                             , "PLC"                , " "
" PL.C"                                              , "PLC"                , " "
" P.L.C.."                                           , "PLC"                , " "
" (PLC)"                                             , "PLC"                , " "
" ET CIE (SARL)"                                     , "SARL"               , " & COMPAGNIE"
" CIE, SARL"                                         , "SARL"               , " COMPAGNIE"
" CIE S.A.R.L."                                      , "SARL"               , " COMPAGNIE"
" CIE SARL"                                          , "SARL"               , " COMPAGNIE"
", SARL"                                             , "SARL"               , " "
", S.A.R.L."                                         , "SARL"               , " "
", (SARL)"                                           , "SARL"               , " "
", S.A.R.L"                                          , "SARL"               , " "
" SARL"                                              , "SARL"               , " "
" S.A.R.L."                                          , "SARL"               , " "
" (SARL)"                                            , "SARL"               , " "
" S.A.R.L"                                           , "SARL"               , " "
" (S.A.R.L.)"                                        , "SARL"               , " "
" (S.A.R.L)"                                         , "SARL"               , " "
" SARL."                                             , "SARL"               , " "
" S.A.R:L"                                           , "SARL"               , " "
" S.AR.L."                                           , "SARL"               , " "
" -SARL"                                             , "SARL"               , " "
" ( SARL)"                                           , "SARL"               , " "
" (SARL.)"                                           , "SARL"               , " "
" + CO AKTIENGESELL-SCHAFT"                          , "AG"                 , " & COMPANY"
" + CO. AKTIENGESELL-SCHAFT"                         , "AG"                 , " & COMPANY"
" CO. AKTIENGESELLSCHAFT"                            , "AG"                 , " COMPANY"
" CO AKTIENGESELLSCHAFT"                             , "AG"                 , " COMPANY"
"CO.,AKTIENGESELL-SCHAFT"                            , "AG"                 , " COMPANY"
"A.G.AKTIENGESELL-SCHAFT"                            , "AG"                 , " "
" AG AKTIENGESELLSCHAFT"                             , "AG"                 , " "
"CIE.AKTIENGESELL-SCHAFT"                            , "AG"                 , " COMPAGNIE"
" CIE AKTIENGESELLSCHAFT"                            , "AG"                 , " COMPAGNIE"
", AKTIENGESELLSCHAFT"                               , "AG"                 , " "
" AKTIENGESELLSCHAFT"                                , "AG"                 , " "
" AKTIENGESELL-SCHAFT"                               , "AG"                 , " "
" AKTIEN-GESELLSCHAFT"                               , "AG"                 , " "
" EN CO. N.V."                                       , "NV"                 , " & COMPANY"
" EN CO. NV"                                         , "NV"                 , " & COMPANY"
" CO. N.V."                                          , "NV"                 , " COMPANY"
" CO N.V."                                           , "NV"                 , " COMPANY"
" N.A. N.V."                                         , "NV"                 , " "
" (NA) N.V."                                         , "NV"                 , " "
" (NA) NV"                                           , "NV"                 , " "
" (N.A.) N.V."                                       , "NV"                 , " "
", INC. N.V."                                        , "NV"                 , " "
", INC. (NV)"                                        , "NV"                 , " "
" INC. NV."                                          , "NV"                 , " "
" INC. N.V."                                         , "NV"                 , " "
" CORP. N.V."                                        , "NV"                 , " CORPORATION"
", N.V."                                             , "NV"                 , " "
", NV"                                               , "NV"                 , " "
", N.V"                                              , "NV"                 , " "
", NV."                                              , "NV"                 , " "
", N..V."                                            , "NV"                 , " "
" N.V."                                              , "NV"                 , " "
" NV"                                                , "NV"                 , " "
" N.V"                                               , "NV"                 , " "
" NV."                                               , "NV"                 , " "
" N..V"                                              , "NV"                 , " "
" N,V."                                              , "NV"                 , " "
", LTD. OY"                                          , "OY"                 , " "
" LTD. OY"                                           , "OY"                 , " "
" LTD OY"                                            , "OY"                 , " "
" LTD. OY."                                          , "OY"                 , " "
" LTD., OY"                                          , "OY"                 , " "
" INC. OY"                                           , "OY"                 , " "
", OY."                                              , "OY"                 , " "
", OY"                                               , "OY"                 , " "
", O.Y."                                             , "OY"                 , " "
" O.Y."                                              , "OY"                 , " "
" OY."                                               , "OY"                 , " "
" OY"                                                , "OY"                 , " "
" S.A. SOCIETE ANONYME"                              , "SA"                 , " "
" SA SOCIETE ANONYME"                                , "SA"                 , " "
", S.A. (SOCIETE ANONYME)"                           , "SA"                 , " "
" S.A. (SOCIETE ANONYME)"                            , "SA"                 , " "
" SA (SOCIETE ANONYME)"                              , "SA"                 , " "
" S.A., SOCIETE ANONYME"                             , "SA"                 , " "
" SA, SOCIETE ANONYME"                               , "SA"                 , " "
" SA, (SOCIETE ANONYME)"                             , "SA"                 , " "
" ET CIE (SOCIETE ANONY-ME)"                         , "SA"                 , " & COMPAGNIE"
" ET CIE SOCIETE ANONYME"                            , "SA"                 , " & COMPAGNIE"
" ET CIE, SOCIETE ANONYME"                           , "SA"                 , " & COMPAGNIE"
" CIE (SOCIETE ANONYME)"                             , "SA"                 , " COMPAGNIE"
" CIE SOCIETE ANONYME"                               , "SA"                 , " COMPAGNIE"
" CIE. (SOCIETE ANONYME)"                            , "SA"                 , " COMPAGNIE"
" CIE, SOCIETE ANONYME"                              , "SA"                 , " COMPAGNIE"
" CIE. SOCIETE ANONYME"                              , "SA"                 , " COMPAGNIE"
", SOCIETE ANONYME"                                  , "SA"                 , " "
" (SOCIETE ANONYME)"                                 , "SA"                 , " "
" SOCIETE ANONYME"                                   , "SA"                 , " "
", SOCIETE, ANONYME"                                 , "SA"                 , " "
" (SOCIETE ANONYME"                                  , "SA"                 , " "
", A \"SOCIETE ANONYME\""                            , "SA"                 , " "
" ( SOCIETE ANONYME)"                                , "SA"                 , " "
" (FRENCH SOCIETE ANONY-ME)"                         , "SA"                 , " "
" (A FRENCH SOCIETE ANONY-ME)"                       , "SA"                 , " "
" A \"SOCIETE ANONYME\""                             , "SA"                 , " "
" (SOIETE ANONYME)"                                  , "SA"                 , " "
" (STE ANONYME)"                                     , "SA"                 , " "
" S.A. SOICIETE ANONYME"                             , "SA"                 , " "
", SOCIETEY ANONYME"                                 , "SA"                 , " "
"(SOCI E/ TE ANONYME)"                               , "SA"                 , " "
"(SOCIET E ANONYME"                                  , "SA"                 , " "
"(SOCIETETE ANONYME)"                                , "SA"                 , " "
" (SOCI ET E ANONYME)"                               , "SA"                 , " "
" (SCIETE ANONYME)"                                  , "SA"                 , " "
"( SOCIETE ANONYME)"                                 , "SA"                 , " "
"(SOCIETE ANONYME)"                                  , "SA"                 , " "
"SOCIETE ANONYME"                                    , "SA"                 , " "
" MFG. CO. A/S"                                      , "AS"                 , " MANUFACTURING COMPANY"
" MFG CO. A/S"                                       , "AS"                 , " MANUFACTURING COMPANY"
" CO. A/S"                                           , "AS"                 , " COMPANY"
" CO. AS"                                            , "AS"                 , " COMPANY"
" CO., A/S"                                          , "AS"                 , " COMPANY"
" CO. A./S"                                          , "AS"                 , " COMPANY"
", LTD. A.S."                                        , "AS"                 , " "
", LTD. A/S"                                         , "AS"                 , " "
" LTD. A.S"                                          , "AS"                 , " "
" LTD. A/S"                                          , "AS"                 , " "
" LTD. AS"                                           , "AS"                 , " "
" LTD., A/S"                                         , "AS"                 , " "
", A.S."                                             , "AS"                 , " "
", A/S"                                              , "AS"                 , " "
", AS"                                               , "AS"                 , " "
", A.S"                                              , "AS"                 , " "
" A/S"                                               , "AS"                 , " "
" A.S."                                              , "AS"                 , " "
" AS"                                                , "AS"                 , " "
" A.S"                                               , "AS"                 , " "
" A/S/"                                              , "AS"                 , " "
" AS."                                               , "AS"                 , " "
" A-S"                                               , "AS"                 , " "
" A/S."                                              , "AS"                 , " "
" A//S"                                              , "AS"                 , " "
" /AS"                                               , "AS"                 , " "
" CO., INCORPORATED"                                 , "INCORPORATED"       , " COMPANY"
" CO. INCORPORATED"                                  , "INCORPORATED"       , " COMPANY"
", INCORPORATED."                                    , "INCORPORATED"       , " "
", INCORPORATED"                                     , "INCORPORATED"       , " "
" INCORPORATED."                                     , "INCORPORATED"       , " "
" INCORPORATED"                                      , "INCORPORATED"       , " "
" (INCORPORATED)"                                    , "INCORPORATED"       , " "
" PLC A BRITISH PUBLIC LIMI-TED COMPANY"             , "PLC"                , " "
", PUBLIC LIMITED COM-PANY"                          , "PLC"                , " "
", PUBLIC. LIMITED COM-PANY"                         , "PLC"                , " "
" A PUBLIC LIMITED COM-PANY"                         , "PLC"                , " "
" PUBLIC LIMITED COMPANY"                            , "PLC"                , " "
" LTD., A LIMITED COMPANY"                           , "PLC"                , " "
", A LIMITED COMPANY"                                , "LIMITED"            , " "
" PUBIC LIMITED COMPANY"                             , "PLC"                , " "
" PUPLIC LIMITED COMPANY"                            , "PLC"                , " "
" (SARL) LIMITED COMPANY"                            , "SARL"               , " "
" S.R.L., AN ITALIAN LIMITEDCOMPANY"                 , "SRL"                , " "
" N.V. A DUTCH LIMITED COM-PANY"                     , "NV"                 , " "
" LIMITED, COMPANY"                                  , "LIMITED"            , " "
" (LIMITED COMPANY)"                                 , "LIMITED"            , " "
" LIMITED COMPANY"                                   , "LIMITED"            , " "
" AND COMPANY"                                       , ""                   , " & COMPANY"
" AND COMPANY."                                      , ""                   , " & COMPANY"
" MFG., COMPANY"                                     , ""                   , " MANUFACTURING COMPANY"
" MFG. COMPANY"                                      , ""                   , " MANUFACTURING COMPANY"
", MFG. CO."                                         , ""                   , " MANUFACTURING COMPANY"
" MFG. CO."                                          , ""                   , " MANUFACTURING COMPANY"
" MFG. CO"                                           , ""                   , " MANUFACTURING COMPANY"
" MFG, CO."                                          , ""                   , " MANUFACTURING COMPANY"
" MFG., CO."                                         , ""                   , " MANUFACTURING COMPANY"
" M.F.G. CO."                                        , ""                   , " MANUFACTURING COMPANY"
" MFG CO."                                           , ""                   , " MANUFACTURING COMPANY"
", LTD. CO."                                         , "LIMITED"            , " "
", LTD., CO."                                        , "LIMITED"            , " "
" LTD., CO."                                         , "LIMITED"            , " "
" LTD, CO."                                          , "LIMITED"            , " "
" LTD., CO"                                          , "LIMITED"            , " "
" GMBH U. CO."                                       , "GMBH"               , " & COMPANY"
" GMBH U CO."                                        , "GMBH"               , " & COMPANY"
" GMBH U. CO"                                        , "GMBH"               , " & COMPANY"
" GMBH. U. CO"                                       , "GMBH"               , " & COMPANY"
" GMBH. U. CO."                                      , "GMBH"               , " & COMPANY"
" U. CO."                                            , ""                   , " & COMPANY"
" GMBH AND CO."                                      , "GMBH"               , " & COMPANY"
" AG AND CO."                                        , "AG"                 , " & COMPANY"
" AND CO."                                           , ""                   , " & COMPANY"
" CO. (GMBH CO.)"                                    , "GMBH"               , " COMPANY"
" GMBH &CO.."                                        , "GMBH"               , " & COMPANY"
" GMBH +CO."                                         , "GMBH"               , " & COMPANY"
" GMBH+ CO."                                         , "GMBH"               , " & COMPANY"
", GMBH CO."                                         , "GMBH"               , " COMPANY"
" GMBH CO."                                          , "GMBH"               , " COMPANY"
" PUBLIC LIMITED CO."                                , "PLC"                , " "
" N.V. A DUTCH LIMITED CO"                           , "NV"                 , " "
" LIMITED CO."                                       , "LIMITED"            , " "
" LIMITED., CO."                                     , "LIMITED"            , " "
" GMBH UND CO."                                      , "GMBH"               , " & COMPANY"
" GMBH UND CO"                                       , "GMBH"               , " & COMPANY"
" AKTIENGESELLSCHAFT UNDCO."                         , "AG"                 , " & COMPANY"
" UND CO."                                           , ""                   , " & COMPANY"
" IND., CO."                                         , ""                   , " INDUSTRAL COMPANY"
" IND. CO."                                          , ""                   , " INDUSTRAL COMPANY"
" AG+ CO."                                           , "AG"                 , " & COMPANY"
" AG CO."                                            , "AG"                 , " COMPANY"
" INC., CO."                                         , "AG"                 , " COMPANY"
" INC, CO."                                          , "AG"                 , " COMPANY"
", & CO."                                            , "AG"                 , " & COMPANY"
", AG & CO."                                         , "AG"                 , " & COMPANY"
" AG & CO."                                          , "AG"                 , " & COMPANY"
" AG & CO"                                           , "AG"                 , " & COMPANY"
" AG + CO"                                           , "AG"                 , " & COMPANY"
" AG + CO."                                          , "AG"                 , " & COMPANY"
" A.G. & CO."                                        , "AG"                 , " & COMPANY"
" AKTIENGESELLSCHAFT &CO."                           , "AG"                 , " & COMPANY"
" & CO., GMBH & CO."                                 , "GMBH"               , " & COMPANY"
" & CIE, GMBH & CO."                                 , "GMBH"               , " & COMPANY"
" & CO., (GMBH & CO)"                                , "GMBH"               , " & COMPANY"
" & CO., (GMBH & CO.)."                              , "GMBH"               , " & COMPANY"
" & CO., (GMBH & CO.)"                               , "GMBH"               , " & COMPANY"
" & CO. GMBH & CO."                                  , "GMBH"               , " & COMPANY"
" + CO., GMBH & CO"                                  , "GMBH"               , " & COMPANY"
" & CO. (GMBH & CO)"                                 , "GMBH"               , " & COMPANY"
" & CO. (GMBH & CO.)"                                , "GMBH"               , " & COMPANY"
" & CO (GMBH & CO.)"                                 , "GMBH"               , " & COMPANY"
" & CO (GMBH & CO)"                                  , "GMBH"               , " & COMPANY"
" & CO. (GMBH) & CO.)"                               , "GMBH"               , " & COMPANY"
" & CIE. GMBH. & CO."                                , "GMBH"               , " & COMPANY"
" KG (GMBH & CO.)"                                   , "KG"                 , " & COMPANY"
" K.G. (GMBH & CO)"                                  , "KG"                 , " & COMPANY"
" KG (GMBH & CO)"                                    , "KG"                 , " & COMPANY"
" KG. (GMBH & CO)"                                   , "KG"                 , " & COMPANY"
" KG (GMBH) & CO)"                                   , "KG"                 , " & COMPANY"
" KG (GMBH + CO.)"                                   , "KG"                 , " & COMPANY"
", GMBH & CO."                                       , "GMBH"               , " & COMPANY"
", GMBH & CO"                                        , "GMBH"               , " & COMPANY"
" GMBH & CO."                                        , "GMBH"               , " & COMPANY"
" GMBH & CO"                                         , "GMBH"               , " & COMPANY"
" (GMBH & CO.)"                                      , "GMBH"               , " & COMPANY"
" (GMBH & CO)"                                       , "GMBH"               , " & COMPANY"
" KOMMANDITGES. (GMBH +CO.)"                         , "KG"                 , " & COMPANY"
" GMBH. & CO."                                       , "GMBH"               , " & COMPANY"
" GMBH + CO."                                        , "GMBH"               , " & COMPANY"
" GMBH + CO"                                         , "GMBH"               , " & COMPANY"
" G.M.B.H. & CO."                                    , "GMBH"               , " & COMPANY"
" GMBH. & CO"                                        , "GMBH"               , " & COMPANY"
" GMBH. + CO."                                       , "GMBH"               , " & COMPANY"
" G.M.B.H. & CO"                                     , "GMBH"               , " & COMPANY"
" (GMBH. & CO.)"                                     , "GMBH"               , " & COMPANY"
" GBMH + CO."                                        , "GMBH"               , " & COMPANY"
" GBMH & CO."                                        , "GMBH"               , " & COMPANY"
", GESELLSCHAFT M.B.H. &CO."                         , "GMBH"               , " & COMPANY"
" GESELLSCHAFT M.B.H. &CO."                          , "GMBH"               , " & COMPANY"
" GESELLSCHAFT M.B.H. &CO"                           , "GMBH"               , " & COMPANY"
" GES. M.B.H. & CO."                                 , "GMBH"               , " & COMPANY"
" GESELLSCHAFT MBH & CO"                             , "GMBH"               , " & COMPANY"
" GESELLSCHAFT MBH & CO."                            , "GMBH"               , " & COMPANY"
" GESELLSCHAFT M.B.H &CO."                           , "GMBH"               , " & COMPANY"
" MBH & CO."                                         , "GMBH"               , " & COMPANY"
" MBH + CO."                                         , "GMBH"               , " & COMPANY"
" MBH. & CO."                                        , "GMBH"               , " & COMPANY"
" M.B.H. & CO."                                      , "GMBH"               , " & COMPANY"
" MBH & CO"                                          , "GMBH"               , " & COMPANY"
" + CO."                                             , ""                   , " & COMPANY"
" + CO"                                              , ""                   , " & COMPANY"
", CO."                                              , ""                   , " COMPANY"
", CO"                                               , ""                   , " COMPANY"
" CO."                                               , ""                   , " COMPANY"
" CO"                                                , ""                   , " COMPANY"
", MFG. CORP."                                       , ""                   , " MANUFACTURING CORPORATION"
" (MFG.) CORP."                                      , ""                   , " MANUFACTURING CORPORATION"
" MFG. CORP."                                        , ""                   , " MANUFACTURING CORPORATION"
" MFG., CORP."                                       , ""                   , " MANUFACTURING CORPORATION"
" MFG CORP."                                         , ""                   , " MANUFACTURING CORPORATION"
" MFG. CORP"                                         , ""                   , " MANUFACTURING CORPORATION"
" MFG, CORP."                                        , ""                   , " MANUFACTURING CORPORATION"
" MFG., CORP"                                        , ""                   , " MANUFACTURING CORPORATION"
" MFG CORP"                                          , ""                   , " MANUFACTURING CORPORATION"
" INT’L CORP."                                       , ""                   , " INTERNATIONAL CORPORATION"
" INT’L. CORP"                                       , ""                   , " INTERNATIONAL CORPORATION"
" INT’L. CORP."                                      , ""                   , " INTERNATIONAL CORPORATION"
" INTL. CORP."                                       , ""                   , " INTERNATIONAL CORPORATION"
", CORP."                                            , ""                   , " CORPORATION"
", CORP"                                             , ""                   , " CORPORATION"
" CORP."                                             , ""                   , " CORPORATION"
" CORP"                                              , ""                   , " CORPORATION"
" GMBH CO. KG"                                       , "KG"                 , " COMPANY"
" GMBH. CO., KG"                                     , "KG"                 , " COMPANY"
" GMBH CO., K.G."                                    , "KG"                 , " COMPANY"
" GMBH CO., KG"                                      , "KG"                 , " COMPANY"
" GMBH CO, KG"                                       , "KG"                 , " COMPANY"
" GMBH +CO. KG"                                      , "KG"                 , " & COMPANY"
" GMBH& CO. KG"                                      , "KG"                 , " & COMPANY"
" GMBH &CO KG"                                       , "KG"                 , " & COMPANY"
" GMBH+ CO. KG"                                      , "KG"                 , " & COMPANY"
" GMBH &CO. KG"                                      , "KG"                 , " & COMPANY"
" GMBH+ CO KG"                                       , "KG"                 , " & COMPANY"
" GMBH +CO KG"                                       , "KG"                 , " & COMPANY"
" + CIE., GMBH U. CO. KG"                            , "KG"                 , " & COMPANY"
" GESELLSCHAFT M.B.H. U. CO. KG"                     , "KG"                 , " & COMPANY"
" GES.M.B.H. U. CO. KG"                              , "KG"                 , " & COMPANY"
" GESELLSCHAFT M.B.H U. CO. KG"                      , "KG"                 , " & COMPANY"
" GMBH U. CO. KG"                                    , "KG"                 , " & COMPANY"
" GMBH U. CO. KG."                                   , "KG"                 , " & COMPANY"
" GMBH U. CO KG"                                     , "KG"                 , " & COMPANY"
" MBH U. CO. KG"                                     , "KG"                 , " & COMPANY"
" GMBH UND CO. KG"                                   , "KG"                 , " & COMPANY"
" GMBH UND CO KG"                                    , "KG"                 , " & COMPANY"
" GMBH UND CO. KG."                                  , "KG"                 , " & COMPANY"
" M.B.H. UND CO. KG."                                , "KG"                 , " & COMPANY"
" M.B.H. UND CO. KG"                                 , "KG"                 , " & COMPANY"
" UND CO. KG"                                        , "KG"                 , " & COMPANY"
" UND CO. KG."                                       , "KG"                 , " & COMPANY"
", GMBH AND CO. KG."                                 , "KG"                 , " & COMPANY"
" GMBH AND CO. KG"                                   , "KG"                 , " & COMPANY"
" GMBH AND CO., KG"                                  , "KG"                 , " & COMPANY"
" AG AND CO. KG"                                     , "KG"                 , " & COMPANY"
" GMB& O CO. KG"                                     , "KG"                 , " & COMPANY"
" GES. M.B.H. &CO. KG."                              , "KG"                 , " & COMPANY"
" AG CO. KG"                                         , "KG"                 , " COMPANY"
" & CO. GMBH & CO. KG"                               , "KG"                 , " & COMPANY"
" & CO, GMBH & CO KG"                                , "KG"                 , " & COMPANY"
" & GMBH & CO. KG"                                   , "KG"                 , " & COMPANY"
", GMBH & CO. KG"                                    , "KG"                 , " & COMPANY"
", GMBH & CO, KG"                                    , "KG"                 , " & COMPANY"
", GMBH & CO KG"                                     , "KG"                 , " & COMPANY"
", GMBH & CO. KG."                                   , "KG"                 , " & COMPANY"
", GMBH & CO., KG"                                   , "KG"                 , " & COMPANY"
" GMBH & CO. KG"                                     , "KG"                 , " & COMPANY"
" GMBH & CO., KG"                                    , "KG"                 , " & COMPANY"
" GMBH & CO KG"                                      , "KG"                 , " & COMPANY"
" GMBH & CO. KG."                                    , "KG"                 , " & COMPANY"
" GESELLSCHAFT M.B.H. & CO. KG"                      , "KG"                 , " & COMPANY"
" GESELLSCHAFT MBH & CO. KG"                         , "KG"                 , " & COMPANY"
" GES. M.B.H. & CO. KG"                              , "KG"                 , " & COMPANY"
" GMBH. & CO. KG"                                    , "KG"                 , " & COMPANY"
" GMBH & CO., KG."                                   , "KG"                 , " & COMPANY"
" GMBH & CO. K.G."                                   , "KG"                 , " & COMPANY"
" GMBH & CO K.G."                                    , "KG"                 , " & COMPANY"
" GMBH & CO KG."                                     , "KG"                 , " & COMPANY"
" GESELLSCHAFT MBH & CO., KG"                        , "KG"                 , " & COMPANY"
" GESELLSCHAFT M.B.H. & CO. KG."                     , "KG"                 , " & COMPANY"
" GES.M.B.H. & CO. KG"                               , "KG"                 , " & COMPANY"
" GES.M.B.H & CO. KG"                                , "KG"                 , " & COMPANY"
" GMBH & CO, KG"                                     , "KG"                 , " & COMPANY"
" GMBH. & CO., KG"                                   , "KG"                 , " & COMPANY"
" G.M.B.H. & CO. KG"                                 , "KG"                 , " & COMPANY"
" GES.M.B.H. & CO KG"                                , "KG"                 , " & COMPANY"
" GMBH. & CO. KG."                                   , "KG"                 , " & COMPANY"
" & CO. (GMBH & CO. KG)"                             , "KG"                 , " & COMPANY"
" (GMBH & CO.) KG"                                   , "KG"                 , " & COMPANY"
" GES.M. B. H & CO. KG"                              , "KG"                 , " & COMPANY"
" GNBH & CO. KG"                                     , "KG"                 , " & COMPANY"
" GES.M.B.H. & CO. KG."                              , "KG"                 , " & COMPANY"
" GMBH & CO, KG."                                    , "KG"                 , " & COMPANY"
" GES.MBH & CO. KG"                                  , "KG"                 , " & COMPANY"
" GESELLSCHAFT M.B.H. & CO. K.G."                    , "KG"                 , " & COMPANY"
" GES.M.H. & CO KG."                                 , "KG"                 , " & COMPANY"
" GESMBH & CO. KG"                                   , "KG"                 , " & COMPANY"
" GESELLSCHAFT M.B.H. &"                             , "KG"                 , " & COMPANY"
" GESELLSCHAFT M.B.H & CO. KG."                      , "KG"                 , " & COMPANY"
" GMBH & CO., K.G."                                  , "KG"                 , " & COMPANY"
" (GMBH & CO. KG)"                                   , "KG"                 , " & COMPANY"
" GMGH & CO., KG"                                    , "KG"                 , " & COMPANY"
" GESELLSCHAFT MBH & CO KG"                          , "KG"                 , " & COMPANY"
" GMBH & CO: KG"                                     , "KG"                 , " & COMPANY"
" GESELLSCHAFT M.B.H & CO. KG"                       , "KG"                 , " & COMPANY"
" GBMH & CO. KG"                                     , "KG"                 , " & COMPANY"
" (GMBH & CO KG)"                                    , "KG"                 , " & COMPANY"
" G.M.B.H & CO., K.G."                               , "KG"                 , " & COMPANY"
" M.B.H. & CO. K.G."                                 , "KG"                 , " & COMPANY"
" MBH & CO., KG"                                     , "KG"                 , " & COMPANY"
" MBH + CO. KG"                                      , "KG"                 , " & COMPANY"
" GESELLSCHAFT M.B.H & CO., KG"                      , "KG"                 , " & COMPANY"
" MBH & CO KG"                                       , "KG"                 , " & COMPANY"
" M.B.H. & CO KG"                                    , "KG"                 , " & COMPANY"
" GMBH + CO KG"                                      , "KG"                 , " & COMPANY"
" GMBH + CO. KG."                                    , "KG"                 , " & COMPANY"
" GMBH + CO. KG"                                     , "KG"                 , " & COMPANY"
" GMBH + CO., KG"                                    , "KG"                 , " & COMPANY"
" AG & CO. KG"                                       , "KG"                 , " & COMPANY"
" AG & CO., KG"                                      , "KG"                 , " & COMPANY"
" AG & CO. K.G."                                     , "KG"                 , " & COMPANY"
" A.G. & CO. K.G."                                   , "KG"                 , " & COMPANY"
" AG + CO. KG"                                       , "KG"                 , " & COMPANY"
" AKTIENGESELLSCHAFT & CO. KG"                       , "KG"                 , " & COMPANY"
" AG & CO. KG."                                      , "KG"                 , " & COMPANY"
" AG & CO KG"                                        , "KG"                 , " & COMPANY"
" B.V. & CO. KG"                                     , "KG"                 , " & COMPANY"
" KG & CO. KG"                                       , "KG"                 , " & COMPANY"
" MBH & CO. KG."                                     , "KG"                 , " & COMPANY"
" MBH & CO. KG"                                      , "KG"                 , " & COMPANY"
" M.B.H. & CO. KG"                                   , "KG"                 , " & COMPANY"
" MBH & CO., KG."                                    , "KG"                 , " & COMPANY"
" & CO. KG"                                          , "KG"                 , " & COMPANY"
" & CO KG"                                           , "KG"                 , " & COMPANY"
" & CO. KG."                                         , "KG"                 , " & COMPANY"
" & CO., KG"                                         , "KG"                 , " & COMPANY"
" & CO, KG"                                          , "KG"                 , " & COMPANY"
" & CO. K.G."                                        , "KG"                 , " & COMPANY"
" & CO KG."                                          , "KG"                 , " & COMPANY"
" + CO. KG"                                          , "KG"                 , " & COMPANY"
" + CO. KG."                                         , "KG"                 , " & COMPANY"
" + CO KG"                                           , "KG"                 , " & COMPANY"
"-GMBH & CO. KG"                                     , "KG"                 , "-GESELLSCHAFT & COMPANY"
" KG"                                                , "KG"                 , " KG"
" KG."                                               , "KG"                 , " KG"
" K.G."                                              , "KG"                 , " KG"
", CO., LLC"                                         , "LLC"                , " COMPANY"
", CO. L.L.C."                                       , "LLC"                , " COMPANY"
" MFG., CO., LLC"                                    , "LLC"                , " MANUFACTURING COMPANY"
" CO., LLC"                                          , "LLC"                , " COMPANY"
" CO., L.L.C."                                       , "LLC"                , " COMPANY"
" CO. LLC"                                           , "LLC"                , " COMPANY"
" CO. L.L.C."                                        , "LLC"                , " COMPANY"
" CO, LLC"                                           , "LLC"                , " COMPANY"
" CO., LLC."                                         , "LLC"                , " COMPANY"
" CO L.L.C."                                         , "LLC"                , " COMPANY"
" CO LLC"                                            , "LLC"                , " COMPANY"
", INC. LLC"                                         , "LLC"                , " COMPANY"
", INC., L.L.C."                                     , "LLC"                , " COMPANY"
", INC., LLC"                                        , "LLC"                , " COMPANY"
", INC. L.L.C."                                      , "LLC"                , " COMPANY"
" INC, LLC"                                          , "LLC"                , " COMPANY"
" INC., LLC"                                         , "LLC"                , " COMPANY"
" MFG., LLC"                                         , "LLC"                , " "
" MFG., L.L.C."                                      , "LLC"                , " "
" MFG, LLC"                                          , "LLC"                , " "
" MFG, LLC."                                         , "LLC"                , " "
", LLC"                                              , "LLC"                , " "
", LLC."                                             , "LLC"                , " "
", L.L.C."                                           , "LLC"                , " "
", L.L.C"                                            , "LLC"                , " "
", LL.C."                                            , "LLC"                , " "
", L.LC."                                            , "LLC"                , " "
", L.L.C.."                                          , "LLC"                , " "
" L.L.C."                                            , "LLC"                , " "
" LLC."                                              , "LLC"                , " "
" LLC"                                               , "LLC"                , " "
" (LLC)"                                             , "LLC"                , " "
" L.L.C"                                             , "LLC"                , " "
" L.LC."                                             , "LLC"                , " "
" LL.C"                                              , "LLC"                , " "
" CO. B.V."                                          , "BV"                 , " COMPANY"
" CO., B.V."                                         , "BV"                 , " COMPANY"
" CO, B.V."                                          , "BV"                 , " COMPANY"
" CO B.V."                                           , "BV"                 , " COMPANY"
", B.V."                                             , "BV"                 , " "
", BV"                                               , "BV"                 , " "
", B.V"                                              , "BV"                 , " "
" B.V."                                              , "BV"                 , " "
" BV."                                               , "BV"                 , " "
" BV"                                                , "BV"                 , " "
" B.V"                                               , "BV"                 , " "
", OY AB"                                            , "AB"                 , " "
" OY, AB"                                            , "AB"                 , " "
" OY AB"                                             , "AB"                 , " "
" CO. AB"                                            , "AB"                 , " COMPANY"
" CO AB"                                             , "AB"                 , " COMPANY"
" CO A.B."                                           , "AB"                 , " COMPANY"
" CO., AB"                                           , "AB"                 , " COMPANY"
" AKTIEBOLAG (AB)"                                   , "AB"                 , " "
" AKTIEBOLG (AB)"                                    , "AB"                 , " "
", A/B"                                              , "AB"                 , " "
", AB"                                               , "AB"                 , " "
", A.B."                                             , "AB"                 , " "
" AB"                                                , "AB"                 , " "
" A.B."                                              , "AB"                 , " "
" AB."                                               , "AB"                 , " "
" A/B"                                               , "AB"                 , " "
" GMBH & CO AG"                                      , "AG"                 , " & COMPANY"
" GMBH & CO. AG"                                     , "AG"                 , " & COMPANY"
" GMBH & CO., AG"                                    , "AG"                 , " & COMPANY"
" AG & CO AG"                                        , "AG"                 , " & COMPANY"
" + CO. AG"                                          , "AG"                 , " & COMPANY"
" CO. AG"                                            , "AG"                 , " COMPANY"
" CO., AG"                                           , "AG"                 , " COMPANY"
" CO. AG."                                           , "AG"                 , " COMPANY"
" CO AG"                                             , "AG"                 , " COMPANY"
" CO. A.G."                                          , "AG"                 , " COMPANY"
" CO., A.G."                                         , "AG"                 , " COMPANY"
" + CIE AG"                                          , "AG"                 , " & COMPANY"
" CIE. AG"                                           , "AG"                 , " COMPANY"
" CIE AG"                                            , "AG"                 , " COMPANY"
" CIE. A.-G."                                        , "AG"                 , " COMPANY"
" CIE. AG."                                          , "AG"                 , " COMPANY"
" AKTIENGESELLSCHAFT AG"                             , "AG"                 , " "
" AKTIENGESELLSCHAFT, AG"                            , "AG"                 , " "
", AG"                                               , "AG"                 , " "
", A.G."                                             , "AG"                 , " "
", A.G"                                              , "AG"                 , " "
", AG."                                              , "AG"                 , " "
" AG"                                                , "AG"                 , " "
" A.G."                                              , "AG"                 , " "
" AG."                                               , "AG"                 , " "
" A.-G."                                             , "AG"                 , " "
" (AG)"                                              , "AG"                 , " "
" A/G"                                               , "AG"                 , " "
" + CO. GESELLSCHAFT MBH"                            , "GMBH"               , " & COMPANY"
" CO. GESELLSCHAFT M.B.H."                           , "GMBH"               , " COMPANY"
" CO., GESELLSCHAFT MBH"                             , "GMBH"               , " COMPANY"
" CO. GESELLSCHAFT MBH"                              , "GMBH"               , " COMPANY"
" CO., GESELLSCHAFT M.B.H."                          , "GMBH"               , " COMPANY"
" CO GESELLSCHAFT M.B.H."                            , "GMBH"               , " COMPANY"
", GESELLSCHAFT M.B.H."                              , "GMBH"               , " "
", GESELLSCHAFT M.B.H"                               , "GMBH"               , " "
", GESELLSCHAFT MBH"                                 , "GMBH"               , " "
", GES. M.B.H."                                      , "GMBH"               , " "
", GES, M.B.H"                                       , "GMBH"               , " "
" GES. M.B.H."                                       , "GMBH"               , " "
" GES,, M.B.H."                                      , "GMBH"               , " "
" GES M.B.H."                                        , "GMBH"               , " "
" GES. M.B.H"                                        , "GMBH"               , " "
" GES. MBH"                                          , "GMBH"               , " "
" GES M.B.H"                                         , "GMBH"               , " "
" UND CO. MBH"                                       , "GMBH"               , " & COMPANY"
" UND CO MBH"                                        , "GMBH"               , " & COMPANY"
" CO. MBH"                                           , "GMBH"               , " COMPANY"
", M.B.H."                                           , "GMBH"               , " "
", MBH"                                              , "GMBH"               , " "
" M.B.H."                                            , "GMBH"               , " "
" MBH"                                               , "GMBH"               , " "
" MBH."                                              , "GMBH"               , " "
" M.B.H"                                             , "GMBH"               , " "
" KABUSHIKI KAISHA"                                  , "KABUSHIKI KAISHA"   , " "
" YUEN KASHA"                                        , "KABUSHIKI KAISHA"   , " "
" KABUSK KASHA"                                      , "KABUSHIKI KAISHA"   , " "
" KABUSHKA KASHA"                                    , "KABUSHIKI KAISHA"   , " "
" KABUSH KASHA"                                      , "KABUSHIKI KAISHA"   , " "
" KUBUSHK KASHA"                                     , "KABUSHIKI KAISHA"   , " "
" KABSHK KASHA"                                      , "KABUSHIKI KAISHA"   , " "
" KABUSHK KASHA"                                     , "KABUSHIKI KAISHA"   , " "
" KABUSHK KASHA"                                     , "KABUSHIKI KAISHA"   , " "
" KABSHK KASHA"                                      , "KABUSHIKI KAISHA"   , " "
" KAUBSHK KASHA"                                     , "KABUSHIKI KAISHA"   , " "
" KASBUSHK KASHA"                                    , "KABUSHIKI KAISHA"   , " "
" KABUSHH KASHA"                                     , "KABUSHIKI KAISHA"   , " "
" KABUSKK KASHA"                                     , "KABUSHIKI KAISHA"   , " "
" KABSUHK KASHA"                                     , "KABUSHIKI KAISHA"   , " "
" KAUSHK KASHA"                                      , "KABUSHIKI KAISHA"   , " "
" KABUHSK KASHA"                                     , "KABUSHIKI KAISHA"   , " "
" KAUBUSHK KASHA"                                    , "KABUSHIKI KAISHA"   , " "
" KBUSHK KASHA"                                      , "KABUSHIKI KAISHA"   , " "
" KANUSHK KASHA"                                     , "KABUSHIKI KAISHA"   , " "
" KABUSHKK KASHA"                                    , "KABUSHIKI KAISHA"   , " "
" KASHA KASHA"                                       , "KABUSHIKI KAISHA"   , " "
" KABUSHHK KASHA"                                    , "KABUSHIKI KAISHA"   , " "
" KABUSK KASHA"                                      , "KABUSHIKI KAISHA"   , " "
" KABUSHK KASHA"                                     , "KABUSHIKI KAISHA"   , " "
" KABUSBK KASHA"                                     , "KABUSHIKI KAISHA"   , " "
" KABSHUK KASHA"                                     , "KABUSHIKI KAISHA"   , " "
" KABUSHKA KASHA"                                    , "KABUSHIKI KAISHA"   , " "
" KABUSHKO KASHA"                                    , "KABUSHIKI KAISHA"   , " "
" KABSUSHK KASHA"                                    , "KABUSHIKI KAISHA"   , " "
" YUUEN KASHA"                                       , "KABUSHIKI KAISHA"   , " "
" KABUHK KASHA"                                      , "KABUSHIKI KAISHA"   , " KOGYO"
" KOYOKABUSHK KASHA"                                 , "KABUSHIKI KAISHA"   , " "
" KABUSHL KASHA"                                     , "KABUSHIKI KAISHA"   , " "
" KABUSHUKI KAISHA"                                  , "KABUSHIKI KAISHA"   , " "
" KAGUSHIKI KAISHA"                                  , "KABUSHIKI KAISHA"   , " "
" KABUSHISKI KAISHA"                                 , "KABUSHIKI KAISHA"   , " "
" KABUBSHIKI KAISHA"                                 , "KABUSHIKI KAISHA"   , " "
" KABUKSHIKI KAISHA"                                 , "KABUSHIKI KAISHA"   , " "
" KABURHIKI KAISHA"                                  , "KABUSHIKI KAISHA"   , " "
" KABUSAHIKI KAISHA"                                 , "KABUSHIKI KAISHA"   , " "
" KABUISHIKI KAISHA"                                 , "KABUSHIKI KAISHA"   , " "
" JABUSHIKI KAISHA"                                  , "KABUSHIKI KAISHA"   , " "
" AKBUSHIKI KAISHA"                                  , "KABUSHIKI KAISHA"   , " "
" BABUSHIKI KAISHA"                                  , "KABUSHIKI KAISHA"   , " "
" BUSHIKI KAISHA"                                    , "KABUSHIKI KAISHA"   , " "
" DABUSHIKI KAISHA"                                  , "KABUSHIKI KAISHA"   , " DENKI"
" DENKIKABUSHIKI KAISHA"                             , "KABUSHIKI KAISHA"   , " "
" FABUSHIKI KAISHA"                                  , "KABUSHIKI KAISHA"   , " "
" KABHUSHIKI KAISHA"                                 , "KABUSHIKI KAISHA"   , " HATSUDOKI"
" HATSUDOKIKABUSHIKI KAISHA"                         , "KABUSHIKI KAISHA"   , " "
" KABSUBSHIKI KAISHA"                                , "KABUSHIKI KAISHA"   , " JIDOSHA"
" JIDOSHAKABUSHIKI KAISHA"                           , "KABUSHIKI KAISHA"   , " JUKOGYO"
" JUKOGYOKABUSHIKI KAISHA"                           , "KABUSHIKI KAISHA"   , " "
" KABAHIKI KAISHA"                                   , "KABUSHIKI KAISHA"   , " "
" KABASHIKA KAISHA"                                  , "KABUSHIKI KAISHA"   , " "
" KABASIKI KAISHA"                                   , "KABUSHIKI KAISHA"   , " "
" KABBUSHIKI KAISHA"                                 , "KABUSHIKI KAISHA"   , " "
" KABHSHIKI KAISHA"                                  , "KABUSHIKI KAISHA"   , " "
" KABISHA KAISHA"                                    , "KABUSHIKI KAISHA"   , " "
" KABUSHIKIKI KAISHA"                                , "KABUSHIKI KAISHA"   , " "
" KAKUSHIKI KAISHA"                                  , "KABUSHIKI KAISHA"   , " "
" KATUSHIKI KAISHA"                                  , "KABUSHIKI KAISHA"   , " "
" KEBUSHIKI KAISHA"                                  , "KABUSHIKI KAISHA"   , " "
" KEBUSKIKI KAISHA"                                  , "KABUSHIKI KAISHA"   , " "
" KAIBUSHIKI KAISHA"                                 , "KABUSHIKI KAISHA"   , " KOGYO"
" KOGYOOKABUSHIKI KAISHA"                            , "KABUSHIKI KAISHA"   , " "
" KAIBSHIKI KAISHA"                                  , "KABUSHIKI KAISHA"   , " "
" LABUSHIKI KAISHA"                                  , "KABUSHIKI KAISHA"   , " SHOKUHIN"
" SHOKUHINKABUSHIKI KAISHA"                          , "KABUSHIKI KAISHA"   , " KOGYO"
" KOGYOLKABUSHIKI KAISHA"                            , "KABUSHIKI KAISHA"   , " "
" KABUSHISHI KAISHA"                                 , "KABUSHIKI KAISHA"   , " "
" KABUSHIHIKI KAISHA"                                , "KABUSHIKI KAISHA"   , " "
" KABUSHIIKI KAISHA"                                 , "KABUSHIKI KAISHA"   , " "
" KABUSHIKE KAISHA"                                  , "KABUSHIKI KAISHA"   , " "
" KABUSHIKHI KAISHA"                                 , "KABUSHIKI KAISHA"   , " "
" KABUSHIKII KAISHA"                                 , "KABUSHIKI KAISHA"   , " "
" KABUSHIKIK KAISHA"                                 , "KABUSHIKI KAISHA"   , " "
" KABUSHIKU KAISHA"                                  , "KABUSHIKI KAISHA"   , " "
" KABUSHIMI KAISHA"                                  , "KABUSHIKI KAISHA"   , " "
" KAISHUSHIKI KAISHA"                                , "KABUSHIKI KAISHA"   , " "
" KABUSHINKI KAISHA"                                 , "KABUSHIKI KAISHA"   , " "
" KABUSHIBI KAISHA"                                  , "KABUSHIKI KAISHA"   , " "
" KABUSHKIKI KAISHA"                                 , "KABUSHIKI KAISHA"   , " "
" KABUSHUSHIKI KAISHA"                               , "KABUSHIKI KAISHA"   , " "
" KABUSIHI KAISHA"                                   , "KABUSHIKI KAISHA"   , " "
" KABUSSHIKI KAISHA"                                 , "KABUSHIKI KAISHA"   , " "
" KABUSYIKI KAISHA"                                  , "KABUSHIKI KAISHA"   , " "
" KABUUSHIKI KAISHA"                                 , "KABUSHIKI KAISHA"   , " "
" KABYSHIKI KAISHA"                                  , "KABUSHIKI KAISHA"   , " "
" KAHUSHIKI KAISHA"                                  , "KABUSHIKI KAISHA"   , " "
" KABUSHINI KAISHA"                                  , "KABUSHIKI KAISHA"   , " "
